# Netlify Redirects and Rewrites
# This file enables clean URLs and SPA-like routing

# API and Functions - must be first
/.netlify/functions/* /.netlify/functions/:splat 200!
/api/*               /.netlify/functions/:splat 200!

# Clean URLs - Remove .html extension
/shop               /shop.html            200
/cart               /cart.html            200
/checkout           /checkout.html        200
/contact            /contact.html         200
/contact-success    /contact-success.html 200
/compatibility      /compatibility.html   200
/compatibility/digital-certificate /compatibility/digital-certificate.html 200
/compatibility/luxury-print /compatibility/luxury-print.html 200
/compatibility/museum-framed /compatibility/museum-framed.html 200
/compatibility/twin-flames /compatibility/twin-flames.html 200
/oracle             /oracle.html          200
/oracle/free-reading /oracle.html         200
/oracle/life-path-reading /oracle/life-path-reading.html 200
/oracle/solar-return-reading /oracle/solar-return-reading.html 200
/oracle/natal-chart-blueprint /oracle/natal-chart-blueprint.html 200
/oracle/career-purpose-reading /oracle/career-purpose-reading.html 200
/oracle/relationship-synastry /oracle/relationship-synastry.html 200
/oracle/transit-forecast /oracle/transit-forecast.html 200
/oracle/lunar-nodes-reading /oracle/lunar-nodes-reading.html 200
/oracle/chiron-wound-healing /oracle/chiron-wound-healing.html 200
/oracle/full-cosmic-synthesis /oracle/full-cosmic-synthesis.html 200
/codex              /codex.html           200
/success            /success.html         200
/privacy-policy     /privacy-policy.html  200
/terms-of-service   /terms-of-service.html 200
/refund-policy      /refund-policy.html   200
/admin/printful-status /admin/printful-status.html 200
/product            /product.html         200
/shop/:slug         /product.html?slug=:slug 200
/shop/:slug.html    /product.html?slug=:slug 200
/shop/product.html  /product.html 200

# Redirect old .html URLs to extensionless paths
/shop.html           /shop                 301
/oracle.html         /oracle               301
/codex.html          /codex                301
/compatibility.html  /compatibility        301
/contact.html        /contact              301
/cart.html           /cart                 301
/success.html        /success              301
/privacy-policy.html /privacy-policy       301
/terms-of-service.html /terms-of-service   301
/refund-policy.html  /refund-policy        301
/contact-success.html /contact-success     301

# Catch-all for any other .html pages
/*.html             /:splat               301

# Redirect old URLs (if migrating from another platform)
# /old-shop/*         /shop/:splat          301

# API proxy (if you add a backend later)
# /api/*              https://your-backend.com/api/:splat  200

# Force HTTPS
http://*            https://:splat        301!

# 404 page
/*                  /index.html           404
